symbol,name,index
ADS.DE,Adidas,DAX
AIR.DE,Airbus,DAX
ALV.DE,Allianz,DAX
BAS.DE,BASF,DAX
BAYN.DE,Bayer,DAX
BEI.DE,Beiersdorf,DAX
BMW.DE,BMW,DAX
BNR.DE,Brenntag,DAX
CBK.DE,Commerzbank,DAX
CON.DE,Continental,DAX
DTG.DE,Daimler Truck,DAX
DBK.DE,Deutsche Bank,DAX
DB1.DE,Deutsche Börse,DAX
DTE.DE,Deutsche Telekom,DAX
DHL.DE,DHL,DAX
EOAN.DE,E.ON,DAX
FRE.DE,Fresenius,DAX
FME.DE,Fresenius Medical Care,DAX
G1A.DE,GEA Group,DAX
HNR1.DE,Hannover Rück,DAX
HEI.DE,Heidelberg Materials,DAX
HEN3.DE,Henkel,DAX
HOT.DE,Hochtief,DAX
IFX.DE,Infineon,DAX
MBG.DE,Mercedes-Benz Group,DAX
MRK.DE,Merck,DAX
MTX.DE,MTU Aero Engines,DAX
MUV2.DE,Münchener Rück,DAX
QIA.DE,Qiagen,DAX
RHM.DE,Rheinmetall,DAX
RWE.DE,RWE,DAX
SAP.DE,SAP,DAX
G24.DE,Scout24,DAX
SIE.DE,Siemens,DAX
ENR.DE,Siemens Energy,DAX
SHL.DE,Siemens Healthineers,DAX
SY1.DE,Symrise,DAX
VOW3.DE,Volkswagen,DAX
VNA.DE,Vonovia,DAX
ZAL.DE,Zalando,DAX
AIXA.DE,Aixtron,MDAX
AT1.DE,Aroundtown,MDAX
AMV0.DE,Aumovio,MDAX
NDA.DE,Aurubis,MDAX
AG1.DE,Auto1 Group,MDAX
BC8.DE,Bechtle,MDAX
GBF.DE,Bilfinger,MDAX
EVD.DE,CTS Eventim,MDAX
DHER.DE,Delivery Hero,MDAX
LHA.DE,Deutsche Lufthansa,MDAX
DEZ.DE,Deutz,MDAX
DWS.DE,DWS Group,MDAX
ELG.DE,Elmos Semiconductor,MDAX
EVK.DE,Evonik Industries,MDAX
FTK.DE,flatexDEGIRO,MDAX
FRA.DE,Fraport,MDAX
FNTN.DE,freenet,MDAX
FPE3.DE,Fuchs,MDAX
HLE.DE,Hella,MDAX
HAG.DE,Hensoldt,MDAX
BOSS.DE,Hugo Boss,MDAX
IOS.DE,Ionos Group,MDAX
JEN.DE,Jenoptik,MDAX
SDF.DE,K+S,MDAX
KGX.DE,Kion Group,MDAX
KBX.DE,Knorr-Bremse,MDAX
KRN.DE,Krones,MDAX
LXS.DE,Lanxess,MDAX
LEG.DE,LEG Immobilien,MDAX
NEM.DE,Nemetschek,MDAX
NDX1.DE,Nordex,MDAX
P911.DE,Porsche AG,MDAX
PAH3.DE,Porsche SE,MDAX
PUM.DE,Puma,MDAX
RAA.DE,Rational,MDAX
R3NK.DE,Renk Group,MDAX
RRTL.DE,RTL Group,MDAX
SZG.DE,Salzgitter,MDAX
SRT3.DE,Sartorius VZ,MDAX
SHA0.DE,Schaeffler,MDAX
WAF.DE,Siltronic,MDAX
SMHN.DE,Suss Microtec,MDAX
TEG.DE,TAG Immobilien,MDAX
TLX.DE,Talanx,MDAX
TKA.DE,Thyssenkrupp,MDAX
TKMS.DE,TKMS,MDAX
8TRA.DE,Traton,MDAX
TUI1.DE,TUI,MDAX
UTDI.DE,United Internet,MDAX
WCH.DE,Wacker Chemie,MDAX
